source_id,title,authors_or_org,year,document_type,hierarchy_rank,identifier_or_url,verification,used_for
S001,Surface Systems Capability Gaps for Enabling NASA's Sustainable Lunar Operations,NASA (TX-13 team); IEEE Aerospace Conf.,2022,conference paper (NASA-authored),1,IEEE Xplore 9843600; NTRS 20220002618 (directive seed ID 20210022361 not independently resolved),EXCERPT,operational need; capability gaps; requirements rationale
S002,Robotic Interface Best Practices and Lessons Learned for Surface Operations,"Lambert R.D., Visinsky M.L., Jerome T.J., Amick R.Z., Dunkelberger N.B., Wright M.D. (NASA JSC)",2026,NASA Special Publication,1,NASA/SP-20260001900; NTRS 20260001900,EXCERPT,interfaces philosophy; servicing compatibility levels
S003,(Seed) NTRS 20260001878 lunar dust management and equipment longevity,NASA,2026,NASA report (unresolved),1,NTRS 20260001878,NOT-RETRIEVED,"flagged; replaced by S020-S022, S062, S074"
S004,2025 Moon to Mars Architecture Update,NASA ESDMD,2025,NASA architecture document,1,nasa.gov/wp-content/uploads/2025/12/2025-architecture-update-for-publication.pdf,EXCERPT,robotic logistics mobility element; fission power augmentation
S005,"Lunar Logistics, Mobility, and Cargo (white paper)",NASA Moon to Mars Architecture,2025,NASA white paper,1,nasa.gov/wp-content/uploads/2025/02/2025-ia-workshop-wp-lunar-logistics-and-mobility.pdf,EXCERPT,Lunar Utility Rover need; maintain/repair/service; cargo 100s-1000s kg
S006,NASA Ignition event / Moon Base plan,NASA; Spaceflight Now; CNN; ABC,2026,agency announcement + news,9,spaceflightnow.com/2026/03/25/...; nasa.gov/reference/moonbase-about/,SECONDARY,programme context; phases; power grid
S007,"NASA Provides Update on Moon Base Rovers, Landers, Missions",NASA,2026,NASA news release,1,nasa.gov/news-release/nasa-provides-update-on-moon-base-rovers-landers-missions/,EXCERPT,LTV awards; Moon Base I-III; MoonFall
S008,NextSTEP-3 Appendix B: Moon Base Demonstrations,NASA,2026,solicitation,1,80MSFC26R0003; nasa.gov/general/nextstep-3-b-moon-base-demonstrations/,EXCERPT,TRL>=6 demonstration path; surface power topic
S009,"Fission Surface Power industry call (>=100 kWe, <15 t, Brayton, FY2030)",NASA/DOE; Military & Aerospace Electronics; Aerospace America,2025,agency solicitation + trade press,9,militaryaerospace.com/.../55310198,SECONDARY,infrastructure power context
S010,2026 Civil Space Shortfalls; FY26 Shortfall Prioritization,NASA STMD,2026,NASA technology prioritization,1,nasa.gov/wp-content/uploads/2026/03/2026-civil-space-shortfalls.pdf; .../2026/05/fy26-civil-space-shortfall-prioritization.pdf,EXCERPT,"lunar night survival #1; computing #3; autonomy, maintenance & repair"
S011,International Space Power System Interoperability Standards (ISPSIS) Rev A,"ISS partner agencies (NASA, ESA, JAXA, CSA, Roscosmos)",2022,interoperability standard,4,internationaldeepspacestandards.com/wp-content/uploads/2024/02/ISPSIS-RevA-20220727-2.pdf,EXCERPT,120 VDC interoperability bus; 28 VDC
S012,Electric Power on the Moon / Lunar surface power grid & UMIC,Csank J. et al. (NASA GRC),2024-2025,NASA presentations / IAC paper,1,NTRS 20250000763; 20240013588; 20240008802,EXCERPT,120 VDC <100 m exchange limit; 3 kVAC grid; UMIC bidirectional converter
S013,International External Robotic Interface Interoperability Standards (IERIIS),ISS partner agencies,2019,interoperability standard,4,internationaldeepspacestandards.com/wp-content/uploads/2024/02/robotic_baseline_final_3-2019.pdf,EXCERPT,robotic interface classes; ISO 9409-1 alignment
S014,International Docking System Standard (IDSS) IDD Rev F; surface variant IDSS-S,NASA JSC,2022,interface definition document,4,NTRS 20220011643,EXCERPT,precedent for surface standards
S015,Lunar Surface Manipulation System (LSMS),NASA LaRC,2009-2015,NASA technology description,1,technology.nasa.gov/patent/LAR-TOPS-73; NTRS 20100033143,EXCERPT,crane/manipulator alternative; mass ~3% of tip payload
S016,GITAI Inchworm and Lunar Rover R1 datasheets,GITAI,2023,manufacturer datasheet,7,gitai.tech/wp-content/uploads/2023/04/Inchworm-IN2-datasheet.pdf,EXCERPT,arm/rover benchmarks
S017,LunaNet Interoperability Specification v4; Lunar Relay Services Requirements Document,NASA SCaN / GSFC,2022/2025,interoperability specification,1,nasa.gov/wp-content/uploads/2025/08/lunanet-interoperability-specification-lnis-v4.pdf; .../lunar-relay-services-requirements-document-srd.pdf,EXCERPT,comms/nav architecture
S018,Moonlight programme,ESA,2024,ESA press release,2,esa.int/Newsroom/Press_Releases/ESA_launches_Moonlight_...,EXCERPT,relay/navigation availability timeline
S019,NASA's Dust Shield Successfully Repels Lunar Regolith on Moon (EDS on Blue Ghost M1),NASA KSC,2025,NASA news,1,nasa.gov/image-article/nasas-dust-shield-successfully-repels-lunar-regolith-on-moon,EXCERPT,EDS TRL (lunar demonstration)
S020,"NASA Lunar Dust Mitigation Roadmap, Fall 2024",NASA,2024,NASA roadmap,1,NTRS 20240013978,EXCERPT,dust technology landscape
S021,Lunar Dust Considerations for Vertical Solar Arrays,NASA,2024,NASA Technical Memorandum,1,NASA TM-20240003496,EXCERPT,"dust effects on mechanisms (torque, range, life)"
S022,The Effects of Lunar Dust on EVA Systems During the Apollo Missions,Gaier J.R. (NASA GRC),2005,NASA Technical Memorandum,1,NASA/TM-2005-213610; NTRS 20050160460,EXCERPT,dust failure modes; LRV battery overheating
S023,Physical Properties of the Lunar Surface (Lunar Sourcebook ch. 9),"Carrier W.D. III, Olhoeft G.R., Mendell W.",1991,handbook chapter,5,"Heiken, Vaniman & French (eds.), Lunar Sourcebook, CUP; lpi.usra.edu/publications/books/lunar_sourcebook/pdf/Chapter09.pdf",EXCERPT,"Bekker parameters Table 9.14; density, cohesion, friction by depth; 7-10 kPa contact pressure rule"
S024,Lunar Soil Simulation and Trafficability Parameters,Carrier W.D. III (Lunar Geotechnical Institute),n.d.,technical note,8,lpi.usra.edu/lunar/surface/carrier_lunar_trafficability_param.pdf,EXCERPT,Table 9.14 confirmation
S025,An Engineering Guide to Lunar Geotechnical Properties,"Connolly J. (NASA JSC), Carrier W.D.",2023,conference paper (NASA),1,NTRS 20220014634,EXCERPT,geotechnical overview
S026,Lunar surface: dust dynamics and regolith mechanics,Colwell J.E. et al.,2007,peer-reviewed review,5,"Rev. Geophys. 45, RG2006, doi:10.1029/2005RG000184",EXCERPT,depth table; dust dynamics
S027,The Apollo Lunar Roving Vehicle,NASA NSSDC,n.d.,NASA reference page,1,nssdc.gsfc.nasa.gov/planetary/lunar/apollo_lrv.html,EXCERPT,"LRV mass, wheels, motors, batteries, slope"
S028,Mobility Performance of the Lunar Roving Vehicle: Terrestrial Studies - Apollo 15 Results,Costes N.C. et al.,1972,NASA Technical Report,1,NASA TR R-401,EXISTENCE-ONLY,mobility heritage (content not retrieved)
S029,The Development of Wheels for the Lunar Roving Vehicle,"Asnani V., Delap D., Creager C. (NASA GRC)",2009,NASA Technical Memorandum,1,NTRS 20100000019,EXISTENCE-ONLY,wire-mesh wheel heritage
S030,Illumination conditions at the lunar south pole using high resolution DTMs from LOLA,Gläser P. et al.,2014,peer-reviewed,5,"Icarus 243, 78-90, doi:10.1016/j.icarus.2014.08.013",EXCERPT,92.27% (2 m) / 95.65% (10 m) illumination; 3-5 day longest darkness
S031,Illumination conditions of the lunar polar regions using LOLA topography,Mazarico E. et al.,2011,peer-reviewed,5,"Icarus 211, 1066-1081",EXISTENCE-ONLY,illumination methodology
S032,Diviner Lunar Radiometer observations of cold traps in the Moon's south polar region,Paige D.A. et al.,2010,peer-reviewed,5,"Science 330, 479-482",EXCERPT,PSR temperatures; sunlit rim 223-300 K (secondary)
S033,First measurements of the radiation dose on the lunar surface,Zhang S. et al.,2020,peer-reviewed,5,"Science Advances 6, eaaz1334",EXCERPT,13.2 uGy/h (Si) GCR dose rate
S034,Artemis III candidate landing regions; HLS slope criterion,NASA; LPSC 2024 #1695; Acta Astronautica 2024,2022-2024,NASA + conference + peer-reviewed,1,hou.usra.edu/meetings/lpsc2024/pdf/1695.pdf; doi:10.1016/j.actaastro.2024.xx (arXiv 2406.19863),EXCERPT,slope <= 8 deg landing; 20 m LDEM
S035,VIPER mission overview; VIPER rover facts,NASA ARC,2020-2025,NASA presentations/pages,1,NTRS 20205000864; science.nasa.gov/mission/viper/in-depth,EXCERPT,"430 kg, 0.5 m wheels, 15/25-30 deg slopes, 50 h darkness survival"
S036,Lunar Terrain Vehicle Services requirements (RFP/SRD summaries),NASA JSC,2023,NASA RFP summary + secondary,1,nasa.gov/news-release/nasa-pursues-lunar-terrain-vehicle-services-for-artemis-missions/,SECONDARY,"LTV 10 yr, 800 kg/20 km, 2 h PSR, 6-8 km/24 h remote"
S037,FLEX rover services,Astrolab (Venturi Astrolab),2024,company page,7,astrolab.space/flex-services,EXCERPT,"1600 kg payload, three robotic payload interfaces"
S038,Space Li-ion cell datasheets (VES16; SLC-16050; SLC-21060; LP-33165; COTS-18650 battery),Saft; EaglePicher,2020-2025,manufacturer datasheets,7,satnow.com/products/batteries/...; eaglepicher.com/sites/default/files/Space-5-COTS 0325_0.pdf,EXCERPT,cell 103-132 Wh/kg; COTS pack 75-100 Wh/kg
S039,PIC64-HPSC High-Performance Spaceflight Computing,"Microchip; NASA (Powell, LPSC 2025)",2025-2026,datasheet + NASA presentation,7,microchip.com/en-us/products/microprocessors/64-bit-mpus/pic64-hpsc; NTRS 20250002070,EXCERPT,"rad-hard compute: 100 krad TID, SEL 78 MeV"
S040,COLDArm / Bulk Metallic Glass gears,NASA JPL; NASA Spinoff,2022,NASA news/spinoff,1,jpl.nasa.gov/images/pia24567-...; spinoff.nasa.gov,EXCERPT,heaterless cold actuators to -173 C
S041,Braycote 601EF; MSL actuator thermal limits,Castrol; NASA JPL (MSL thermal papers),2012-2021,datasheet + NASA,7,lube-media.ambrit.com L118; NTRS 20150007807,EXCERPT,lubricant -80..204 C; actuator AFT -55 C needs warm-up
S042,Dust-tolerant connectors (Honeybee DTC; Yank Technologies SBIR; KSC patent),Honeybee Robotics; NASA SBIR; NASA KSC,2010-2025,LSIC presentation; news; patent,6,"lsic.jhuapl.edu/.../2532-2024-06-26 LSIC Surface Power Honeybee Robotics DTC.pdf; US 8,011,941",EXCERPT,>500 mate/demate cycles in vacuum + simulant
S043,Reduced-gravity rigid-wheel mobility (Kobayashi 2010) and prediction method (Wong 2012),Kobayashi T. et al.; Wong J.Y.,2010/2012,peer-reviewed,5,"J. Terramechanics 47, 261-274; J. Terramechanics 49, 49-61",EXCERPT,"~20% lower DP, up to 40% higher sinkage in lunar-g"
S044,Soil behavior of wheels with grousers for planetary rovers (reduced-gravity test),Moreland S. et al. (CMU/NASA GRC),2012,conference (IEEE Aerospace),6,ri.cmu.edu/pub_files/2012/3/2012_IEEE_Aero_Moreland_REVb.pdf,EXCERPT,"DP/W=0.11+/-0.02 at 20% slip, lunar g, GRC-1"
S045,Axel/DuAxel tethered rovers; Dynamic anchoring in soft regolith,NASA JPL; ASCE J. Aerospace Eng.,2013-2018,NASA + peer-reviewed,5,robotics.jpl.nasa.gov/how-we-do-it/systems/the-axel-rover/; doi:10.1061/(ASCE)AS.1943-5525.0000792,EXCERPT,tether/anchor precedent (no numbers)
S046,MER Spirit embedding (Troy 2009) and Opportunity Purgatory (2005),NASA JPL; news,2005-2009,mission history (secondary),9,universetoday.com; sciencenews.org,SECONDARY,asset-loss by immobilization precedent
S047,Argonaut lunar lander,ESA,2025-2026,ESA multimedia/press,2,esa.int/ESA_Multimedia/Images/2025/11/Argonaut_lunar_lander,EXCERPT,1.5 t cargo; 2030
S048,HOTDOCK standard robotic interface,Space Applications Services,2019-2024,product sheet + IAC paper,7,spaceapplications.com/wp-content/uploads/2019/05/Product-Sheet_-HOTDOCK.pdf; IAC-20 60218,EXCERPT,androgynous mech/power/data/thermal interface
S049,On-Orbit Maintenance Operations Strategy for the ISS; NASA-STD-3001 TB Design for Maintainability,NASA,2010/2023,NASA report + technical brief,1,NTRS 20100042525; nasa.gov/.../ochmo-tb-036-design-for-maintainability.pdf,EXCERPT,"ISS maintenance hours (EVA 421 h, EVR 777 h, IVA 2536 h / 5 yr)"
S050,Assessment of Crew Time for Maintenance and Repair Activities for Lunar Surface Missions,NASA,2021,"conference (IEEE, NASA)",1,NTRS 20210026843,EXCERPT,>24 h corrective maintenance per mission
S051,Uncrewed Lunar Surface Operations and Support Activities,NASA,2022,NASA paper,1,NTRS 20220013667,EXCERPT,uncrewed task taxonomy; availability objective
S052,ANSI/AIAA S-120A-2015 Mass Properties Control for Space Systems,AIAA,2015,standard,4,ANSI/AIAA S-120A-2015,EXCERPT,MGA method; harness 60/30/25/10 %
S053,NASA-STD-5001B w/Change 3 Structural Design and Test Factors of Safety; ECSS-E-ST-32-10C,NASA; ESA/ECSS,2022/2008,standard,4,standards.nasa.gov NASA-STD-5001B; ECSS-E-ST-32-10C,EXISTENCE-ONLY (values LITERATURE-RECALL),factors of safety
S054,Moon Base Phases; Moon Base Systems; Lunar Surface Technology pages,NASA; Astronomy.com,2026,NASA pages + secondary,1,nasa.gov/moonbase-phases/; nasa.gov/moonbase-systems/; nasa.gov/lunar-surface-technology/,SECONDARY,"Phase 2 assets: >10 kW arrays, RTGs, 10 km comm towers, ~60 t delivered"
S055,LTV Phase 1 awards details,NASA; NASASpaceflight; The Register,2026,NASA + secondary,1,nasaspaceflight.com/2026/05/rovers-drones-nasa-moon-base/,SECONDARY,>14.5 km/h; >200 km lifetime; Blue Origin delivery
S056,Blue Moon Mk1 cargo lander,Blue Origin (reported),2025-2026,company/secondary,9,space.skyrocket.de/doc_sdat/blue-moon.htm,SECONDARY,3.0 t payload delivery constraint
S057,Griffin lander; FLIP rover,Astrobotic; Astrolab,2025-2026,company/secondary,9,astrobotic.com; space.com Griffin-1 article,SECONDARY,625-650 kg payload; FLIP ~500 kg
S058,Lunar Cruiser pressurized rover; GITAI arm,JAXA/Toyota; GITAI,2020-2026,company/secondary,9,gitai.tech/?p=8981; press,SECONDARY,PR mass/size; tool-change arm precedent
S059,NASA LSII Strategy for Technology Development,NASA STMD,2024,NASA strategy,1,NTRS 20240008865,EXCERPT,LSII thrust areas
S060,Apollo LRV energy consumption (ALSJ Apollo 17 close-out; NSSDC),NASA (Apollo Lunar Surface Journal),1972/web,NASA mission record,1,nasa.gov/wp-content/uploads/static/history/alsj/a17/a17.clsout3.html,EXCERPT,1.58-1.67 Ah/km at 36 V
S061,Micrometeoroid Impact Rate Analysis for an Artemis-Era Lunar Base,(authors per arXiv:2511.04740),2025,preprint (MEM 3 based),8,arXiv:2511.04740,EXCERPT,~15 000 impacts/yr per ISS-size base at pole
S062,Dusted thermal control surfaces: absorptance/emittance change,Gaier J.R. et al. (NASA GRC); TFAWS 2024 PT-4,2011/2024,NASA report + conference,1,NTRS 20110013486; tfaws.nasa.gov/wp-content/uploads/TFAWS2024-PT-4-Paper.pdf,EXCERPT,alpha factor 1.4-2.6 @25% coverage
S063,Electrodynamic Dust Shield technology papers,Calle C.I. et al. (NASA KSC),2012-2020,NASA reports,1,NTRS 20120003264; 20200000920,EXCERPT,3.3 mWh/m2 per daily cycle; 1-10 kV
S064,VIPER Visible Imaging System,NASA,2023-2024,NASA page,1,NTRS 20240001709; nasa.gov VIPER mast articles,EXCERPT,"camera layout, 70 deg FOV, 10 cm @15 m"
S065,LN-200S Inertial Measurement Unit datasheet,Northrop Grumman,n.d.,manufacturer datasheet,7,cdn.northropgrumman.com/-/media/wp-content/uploads/LN-200S-Inertial-Measurement-Unit-IMU-datasheet.pdf,EXCERPT,"0.75 kg, 12 W, Mars-rover heritage"
S066,Perseverance robotic arm; Motiv xLink,NASA JPL; Motiv Space Systems,2020-2025,NASA press kit; company,7,jpl.nasa.gov/news/press_kits/mars_2020/...; motivss.com,EXCERPT,2 m arm; 45 kg turret; xLink 50 kg payload
S067,Dextre / Special Purpose Dexterous Manipulator,CSA,2008-2016,agency/secondary,3,asc-csa.gc.ca (Dextre),SECONDARY,1662 kg; 2x7-DOF; OTCM
S068,Nokia Lunar Surface Communication System on IM-2,Nokia Bell Labs; Intuitive Machines,2025,company press release,7,nokia.com/newsroom/nokias-cellular-network-ready-for-moon-...,EXCERPT,LTE surface comms precedent
S069,CADRE,NASA JPL,2024-2026,NASA mission page,1,jpl.nasa.gov/missions/cadre,EXCERPT,multi-robot autonomy precedent
S070,Passively propagation-resistant 18650 Li-ion battery designs,Darcy E. et al. (NASA JSC),2017-2019,NASA reports,1,NTRS 20170001655; 20190014045; 20180004170,EXCERPT,150-170 Wh/kg pack (PPR)
S071,Lithium-ion batteries for Mars landers/rovers,"Smart M.C., Ratnakumar B.V. et al. (NASA JPL)",1999-2009,conference (SAE),6,SAE 1999-01-1390; NTRS 20090022179,EXCERPT,charge 0-25 C; discharge >-20 C
S072,"NPR 7123.1 NASA Systems Engineering Processes and Requirements, App. E (TRL)",NASA,current,NASA procedural requirement,4,NPR 7123.1D Appendix E,EXCERPT,TRL definitions
S073,Lunar south pole communications (DTE availability),NASA JPL IPN Progress Report 42-176,2009,NASA report,1,ipnpr.jpl.nasa.gov/progress_report/42-176/176C.html,EXCERPT,~51% DTE availability
S075,"Lander payload user guides (OrbitBeyond, Firefly, Astrobotic, New Glenn)",various,2024-2026,user guides,7,orbitbeyond.com/...; astrobotic.com/payload-user-guide,EXISTENCE-ONLY,launch-load assumption basis (no numbers)
L001,"Theory of Ground Vehicles, 4th ed.",Wong J.Y.,2008,textbook,5,"Wiley, ISBN 978-0-470-17038-0",LITERATURE-RECALL,Bekker-Wong pressure-sinkage; Janosi-Hanamoto; rolling resistance
L002,Introduction to Terrain-Vehicle Systems,Bekker M.G.,1969,textbook,5,University of Michigan Press,LITERATURE-RECALL,pressure-sinkage model
L003,"Prediction of rigid wheel performance based on the analysis of soil-wheel stresses, Parts I-II","Wong J.Y., Reece A.R.",1967,peer-reviewed,5,J. Terramechanics 4(1):81-98; 4(2):7-25,LITERATURE-RECALL,Wong-Reece wheel model
L004,The analytical determination of drawbar pull as a function of slip for tracked vehicles in deformable soils,"Janosi Z., Hanamoto B.",1961,conference (ISTVS),6,"Proc. 1st Int. Conf. Mechanics of Soil-Vehicle Systems, Turin",LITERATURE-RECALL,shear stress-displacement
L005,Metallic Materials Properties Development and Standardization (MMPDS),Battelle / FAA,2021 (MMPDS-16/17),materials handbook,4,MMPDS,LITERATURE-RECALL,"Al 2219/7075, Ti-6Al-4V design properties"
L006,"Spacecraft Thermal Control Handbook, Vol. I, 2nd ed.",Gilmore D.G. (ed.),2002,handbook,5,"The Aerospace Press, ISBN 1-884989-11-X",LITERATURE-RECALL,MLI effective emittance; coating alpha/epsilon; heat pipes
L007,Space Mission Engineering: The New SMAD,"Wertz J.R., Everett D.F., Puschell J.J. (eds.)",2011,handbook,5,Microcosm Press,LITERATURE-RECALL,subsystem sizing rules; margins
L008,"NASA Systems Engineering Handbook, Rev 2",NASA,2016,NASA handbook,1,NASA/SP-2016-6105 Rev2,LITERATURE-RECALL,SE process; requirements quality
L009,Lunar Sourcebook: A User's Guide to the Moon,"Heiken G., Vaniman D., French B.M. (eds.)",1991,handbook,5,Cambridge University Press / LPI,LITERATURE-RECALL,"gravity, thermal, particle size, dust"
L010,Terramechanics-based model for steering maneuver of planetary exploration rovers on loose soil,"Ishigami G., Miwa A., Nagatani K., Yoshida K.",2007,peer-reviewed,5,J. Field Robotics 24(3):233-250,LITERATURE-RECALL,slip/sinkage model; grouser effects
L011,Particle size distribution of lunar soil,Carrier W.D. III,2003,peer-reviewed,5,J. Geotech. Geoenviron. Eng. 129(10):956-959,LITERATURE-RECALL,median particle size ~70 um; fines fraction
L012,"Springer Handbook of Robotics, 2nd ed.","Siciliano B., Khatib O. (eds.)",2016,handbook,5,Springer,LITERATURE-RECALL,manipulator statics/dynamics; DOF selection
L013,General Environmental Verification Standard (GEVS),NASA GSFC,2021 (Rev B),standard,4,GSFC-STD-7000B,LITERATURE-RECALL,random-vibration qualification reference
L014,Space environment (ECSS-E-ST-10-04C); Radiation hardness assurance (ECSS-Q-ST-60-15C),ESA/ECSS,2020/2012,standard,4,ECSS-E-ST-10-04C; ECSS-Q-ST-60-15C,LITERATURE-RECALL,radiation design margin 2 practice
L015,Space tribology: its role in spacecraft mechanisms,Roberts E.W.,2012,peer-reviewed review,5,J. Phys. D: Appl. Phys. 45:503001,LITERATURE-RECALL,"MoS2, PFPE lubricants in vacuum"
L016,Lunar equatorial surface temperatures and regolith properties from Diviner,Vasavada A.R. et al.,2012,peer-reviewed,5,"J. Geophys. Res. 117, E00H18",LITERATURE-RECALL,equatorial 390 K day / ~95 K night bounds
L017,"A new, lower value of total solar irradiance","Kopp G., Lean J.L.",2011,peer-reviewed,5,"Geophys. Res. Lett. 38, L01706",LITERATURE-RECALL,TSI 1360.8 W/m2
L018,Moon Fact Sheet,NASA NSSDC (Williams D.R.),current,NASA reference,1,nssdc.gsfc.nasa.gov/planetary/factsheet/moonfact.html,LITERATURE-RECALL,g = 1.62 m/s2; radius; sidereal/synodic periods
L019,An Introduction to Reliability and Maintainability Engineering,Ebeling C.E.,2010,textbook,5,"Waveland Press, 2nd ed.",LITERATURE-RECALL,exponential/Weibull models; availability
L020,CCSDS Proximity-1 Space Link Protocol; CCSDS Bundle Protocol (DTN),CCSDS,2013-2020,standards,4,CCSDS 211.0-B; CCSDS 734.2-B,LITERATURE-RECALL,proximity link and DTN standards
L021,A dynamic fountain model for lunar dust,"Stubbs T.J., Vondrak R.R., Farrell W.M.",2006,peer-reviewed,5,Adv. Space Res. 37:59-66,LITERATURE-RECALL,electrostatic dust transport
L022,Extreme lunar surface charging during solar energetic particle events,Halekas J.S. et al.,2007,peer-reviewed,5,"Geophys. Res. Lett. 34, L02111",LITERATURE-RECALL,night-side surface potentials to kV scale
L023,CODATA 2018 recommended values of the fundamental physical constants,Tiesinga E. et al. (NIST),2021,reference data,4,"Rev. Mod. Phys. 93, 025010",LITERATURE-RECALL,Stefan-Boltzmann constant
