n_assets,mtbf_yr,faults_per_yr,n_tsr,keepalive_modules,dA,lost0,lost1,mass_avoided_kg,response_h,utilisation
30,4.0,7.5,1,2,0.06419127167971056,26.866666666666667,14.416666666666666,4633.76462807762,9.721991023543923,0.012420403496657304
30,4.0,7.5,1,4,0.06726563595534892,26.866666666666667,12.833333333333334,5246.446997658312,9.83620051958274,0.01249052513887472
30,4.0,7.5,1,8,0.06738163107856661,26.866666666666667,12.783333333333333,5262.298264625859,9.836758735480704,0.012494706802990096
30,4.0,7.5,2,2,0.06799684594205133,26.866666666666667,14.083333333333334,4801.2142578194635,5.5143913810642005,0.0062349244670728225
30,4.0,7.5,2,4,0.0682927016378064,26.866666666666667,12.633333333333333,5370.219726961069,5.51604125530226,0.006227166795210055
30,4.0,7.5,2,8,0.0682927016378064,26.866666666666667,12.633333333333333,5370.219726961069,5.51604125530226,0.006227166795210055
30,1.5,20.0,1,2,0.12258177585971919,46.35,33.666666666666664,4072.026344626448,10.419263197066796,0.026130937427832575
30,1.5,20.0,1,4,0.12467501601766375,46.35,28.666666666666668,6074.2597709980455,10.020631134271186,0.026204331475625165
30,1.5,20.0,1,8,0.12585104954314463,46.35,27.183333333333334,6609.818110127253,9.811577250915864,0.02630570832971166
30,1.5,20.0,2,2,0.1284656630128899,46.35,34.25,4079.823040446579,5.457871605870027,0.013305063940235085
30,1.5,20.0,2,4,0.12916985852542823,46.35,28.816666666666666,5963.173164267516,5.387370468154734,0.013278188723349902
30,1.5,20.0,2,8,0.12968344114697403,46.35,26.816666666666666,6823.74763921905,5.388628593035546,0.01329932484633668
60,4.0,15.0,1,2,0.09193155626348698,52.06666666666667,33.45,6882.593614904332,10.34564438041169,0.024717271633953583
60,4.0,15.0,1,4,0.09036231690383592,52.06666666666667,27.983333333333334,9147.856013489887,10.278593058989452,0.024681649214636045
60,4.0,15.0,1,8,0.09057127706234927,52.06666666666667,25.883333333333333,9947.457175882835,10.500337066534223,0.024639489928103362
60,4.0,15.0,2,2,0.09167230785432665,52.06666666666667,32.8,7066.657399564321,5.50595229690975,0.012442052954553343
60,4.0,15.0,2,4,0.09060781087711159,52.06666666666667,27.816666666666666,9123.101636688827,5.45754391712614,0.012335624965716979
60,4.0,15.0,2,8,0.08978031709405228,52.06666666666667,25.533333333333335,9919.432667292978,5.460079406419348,0.012359531161629298
60,1.5,40.0,1,2,0.13597048550085156,76.7,72.7,-233.90398577675643,10.955541565167744,0.04925175169568759
60,1.5,40.0,1,4,0.12801992442271318,76.7,64.88333333333334,2835.1675910835384,10.552200280308702,0.04860871518440735
60,1.5,40.0,1,8,0.12093949736151396,76.7,53.1,7350.017648665222,11.098359329250906,0.04823086814843194
60,1.5,40.0,2,2,0.1390184443227602,76.7,73.1,-809.6796429074212,5.523972198463808,0.0250291562305751
60,1.5,40.0,2,4,0.1291070733076415,76.7,64.2,2890.4633728405065,5.663622300964261,0.024527719275095387
60,1.5,40.0,2,8,0.12333309813250005,76.7,53.88333333333333,6982.783396763211,5.526819613104801,0.02434468013628008
60,1.0,60.0,1,2,0.11551769656579701,81.43333333333334,91.25,-6748.586382810431,10.224810219975797,0.06195010735899586
60,1.0,60.0,1,4,0.11128808565741016,81.43333333333334,82.96666666666667,-3412.5757907434877,10.56438959074347,0.06119456714959466
60,1.0,60.0,1,8,0.10296517528743979,81.43333333333334,69.6,2037.8127553789082,10.431527495852702,0.059958208767247355
60,1.0,60.0,2,2,0.12270278187319698,81.43333333333334,92.28333333333333,-6828.312086215282,5.556819008775678,0.03149929377325268
60,1.0,60.0,2,4,0.11477349857798368,81.43333333333334,83.01666666666667,-3203.0910598204955,5.583322193319429,0.031018015784901508
60,1.0,60.0,2,8,0.10593222783786155,81.43333333333334,69.25,2212.871356218617,5.573080829528293,0.030380187144857594
