id,title,target_mass_kg,slope_deg,required_force_N,direct_tow_capacity_N,method,line_tension_N,restraint_reaction_N,wheel_slip,drive_torque_per_wheel_Nm,drive_power_W,energy_Wh,heat_W,hardpoint_load_N,margin,feasible
A,"Disabled 300 kg science rover on flat regolith (brakes released), tow 100 m",300.0,0.0,86.89947718098092,765.8184082365132,direct tow (drive),0.0,0.0,0.05250721110700948,28.372006821733255,109.21932554531824,15.169350770183089,32.76579766359548,86.89947718098092,8.812692930724817,True
B,"Disabled 450 kg rover on 15° slope (brakes released), winch 30 m upslope",450.0,15.0,330.5118689352137,215.00387589913623,anchored winch (braked wheels + spades + helical anchors),330.5118689352137,330.5118689352137,,,0.0,4.237331653015561,8.898396471332678,462.7166165092992,10.782098360239889,True
B2,As B but fail-safe brakes locked (no release),450.0,15.0,695.7105478506764,215.00387589913623,anchored winch (braked wheels + spades + helical anchors),695.7105478506764,695.7105478506764,,,0.0,8.919365998085595,18.73066859597975,973.9947669909469,5.12226168065956,True
C,450 kg rover with all wheels embedded 0.15 m on flat (mid estimate),450.0,0.0,3685.0419123301504,765.8184082365132,anchored winch (braked wheels + spades + helical anchors),3685.0419123301504,3685.0419123301504,,,0.0,7.87402118019263,99.21266687042713,5159.05867726221,1.0706693072513567,True
C-hi,"As C, upper-bound (Bekker compaction) extraction resistance",450.0,0.0,7602.0801396843835,765.8184082365132,anchored winch (braked wheels + spades + helical anchors),7602.0801396843835,7602.0801396843835,,,0.0,16.243760982231592,204.67138837611802,10642.912195558136,0.5189975899978531,False
C-dig,As C after excavating ramps to 0.05 m effective sinkage (scoop tool) + upper bound,450.0,0.0,862.0924756939146,765.8184082365132,anchored winch (braked wheels + spades + helical anchors),862.0924756939146,862.0924756939146,,,0.0,1.8420779395169116,23.210182037913086,1206.9294659714803,4.576610262479046,True
D,1.5 t LTV-class vehicle (free-rolling) repositioned 200 m on flat,1500.0,0.0,493.5912304366225,765.8184082365132,direct tow (drive),0.0,0.0,0.19253965273834506,60.85343150901668,274.88384494524877,76.35662359590243,82.46515348357464,493.5912304366225,1.5515235300252055,True
D2,"1.5 t LTV-class vehicle on 10° slope, winch 30 m",1500.0,10.0,905.8186535730132,402.2220607861775,anchored winch (braked wheels + spades + helical anchors),905.8186535730132,905.8186535730132,,,0.0,11.613059661192478,24.3874252885042,1268.1461150022185,4.080951443094226,True
D3,"1.0 t infrastructure element on skids (sliding), drag 20 m on flat",1000.0,0.0,1186.6871477723328,765.8184082365132,anchored winch (braked wheels + spades + helical anchors),1186.6871477723328,1186.6871477723328,,,0.0,10.142625194635324,31.949269363101266,1661.3620068812659,3.3247695307674117,True
