D_m,b_m,grouser_m,sinkage_mm,contact_pressure_kPa,dpw_20,dpw_40,dpw_40_cons,slope_proxy_deg,resistance_coeff,wheel_mass_kg,torque_40_Nm
0.6,0.2,0.0,32.743551472843265,12.377282177010676,0.17520478050640073,0.26381831048899257,0.1498524268064784,14.77894540157579,0.21933499337978396,3.705514460530301,51.24955936375949
0.6,0.2,0.015,32.60058325240005,12.402829589206123,0.20473075773998423,0.2951521145179735,0.17605823914975238,16.444076666785282,0.21742812226878036,4.183954460530301,56.98709904740904
0.6,0.2,0.03,32.45733095483677,12.428600920544696,0.23428469098029206,0.3261247631116538,0.20188516591834887,18.06242987696583,0.21552577327834874,4.662394460530301,62.989444552948484
0.6,0.25,0.0,28.369924679168665,10.596959258625075,0.17164033706644627,0.26910553496881184,0.16177794117961355,15.061797512228763,0.20559344256067558,4.381893075662876,50.113917138383336
0.6,0.25,0.015,28.25826785759514,10.61683764165986,0.20059123346414906,0.3006599059358543,0.1882150143536979,16.733925843536984,0.20398143070810085,4.9799430756628755,55.83857214122633
0.6,0.25,0.03,28.145991184061057,10.636947912649836,0.22966757419213982,0.3319297468437184,0.21432904802691535,18.36254074832171,0.20236684189903312,5.577993075662876,61.83996456032756
0.6,0.3,0.0,25.22099949653406,9.340175830967409,0.16827529829244187,0.2721623315337581,0.1700522703459676,15.224986551766678,0.19484750873852189,5.0582716907954515,49.14182773356033
0.6,0.3,0.015,25.130046889657986,9.356322668408717,0.1966824892967972,0.3038368881861277,0.19664668114431386,16.900716422591923,0.19344711706819798,5.775931690795451,54.84559947417374
0.6,0.3,0.03,25.03833693323514,9.37269449825702,0.2252883242228561,0.33529198868855514,0.22296674845243852,18.535889822676367,0.19204016035229618,6.493591690795451,60.83547265768483
0.6,0.35,0.0,22.825559454146095,8.397994671709421,0.16520507122375863,0.273941354699126,0.17610905820362713,15.319844685530542,0.18610172426984076,5.734650305928026,48.29339516370195
0.6,0.35,0.015,22.74923455233484,8.411514590083035,0.1931096348435329,0.3056741309774259,0.20281119562577068,16.997036817260977,0.1848611350883027,6.5719203059280265,53.972432417765575
0.6,0.35,0.03,22.67210293574964,8.425247768570486,0.22126969534673413,0.33724359804972703,0.22928193806354477,18.63634923229945,0.18361163504499345,7.409190305928027,59.94513841884675
0.6,0.4,0.0,20.93064980436754,7.661102334052933,0.16242734727985297,0.27493557160479937,0.18071510167977606,15.372819257259655,0.1787775103202286,6.411028921060602,47.54172808252482
0.6,0.4,0.015,20.865164215815977,7.672681319906998,0.18987014202243135,0.3066864371075168,0.20749051016452547,17.050066356502093,0.17766215454018416,7.367908921060602,53.19427981009865
0.6,0.4,0.03,20.798864500106195,7.684460692658881,0.2176137762246765,0.33832308679115,0.23407277959484157,18.69186514624354,0.17653647772041847,8.324788921060602,59.146751914409045
0.7,0.2,0.0,31.145108317110974,11.687376307692633,0.20170198446859924,0.29564766654974667,0.18320625285069195,16.47019094578313,0.1986086548702263,4.15643353728535,60.7521942332935
0.7,0.2,0.015,31.0389365703119,11.706419073918298,0.22726734614929275,0.32283332906101236,0.20579330348297004,17.89180881312369,0.1972593324669998,4.63487353728535,66.57682688646727
0.7,0.2,0.03,30.93243015580394,11.725622111218351,0.25288238647776473,0.3497723272567089,0.22812337318141912,19.278424292043567,0.19591036048440658,5.11331353728535,72.6362383993363
0.7,0.25,0.0,26.977827582083584,10.014971501155536,0.19750803917011775,0.3000187802335085,0.19377159698892613,16.70023141065085,0.18604513372985038,4.945541921606688,59.513319919205316
0.7,0.25,0.015,26.89479991736636,10.029799687384779,0.22260822514336887,0.3274197923652014,0.21658562076961962,18.129470929998188,0.18490353005558788,5.543591921606688,65.32796673274989
0.7,0.25,0.03,26.811273059468636,10.044787554832633,0.24782582945129683,0.35462756481097235,0.23918061022610304,19.525909399698442,0.18375859633514324,6.141641921606688,71.38728320199891
0.7,0.3,0.0,23.978955857435817,8.832657764204772,0.19364337568764617,0.3023919253908857,0.2010663981955049,16.824892718006527,0.17624072141628316,5.734650305928026,58.44631229845731
0.7,0.3,0.015,23.911235729970297,8.844713615443668,0.21830389270184078,0.32991981136362564,0.2240400646506649,18.25874657483551,0.17524804260918456,6.452310305928027,64.24299074846292
0.7,0.3,0.03,23.84295758742253,8.856921473154898,0.24313276952481627,0.35730004625025746,0.24682799996976712,19.66181112367829,0.17425001437035115,7.169970305928026,70.29212933810874
0.7,0.35,0.0,21.698514758138586,7.94535795021605,0.19015144411515275,0.3036297554250776,0.20637219774868215,16.889850970294653,0.16827354822401,6.5237586902493625,57.510632027259
0.7,0.35,0.015,21.64161580919987,7.955462180840589,0.21440511153440894,0.33122930027886605,0.22946036083805177,18.326383432639446,0.1673932937056937,7.361028690249363,63.2853797268603
0.7,0.35,0.03,21.584145495152306,7.9657088957568725,0.23886680556667061,0.35872069778974014,0.25239232574367443,19.733960913010677,0.16650653720287484,8.198298690249363,69.31890770986624
0.7,0.4,0.0,19.895095058202706,7.250817024535855,0.1870049518811662,0.30417798033710847,0.21037686868693295,16.91860618226061,0.16160934472182406,7.312867074570701,56.67853807982119
0.7,0.4,0.015,19.84622057054031,7.259478842138793,0.21088429655560686,0.33181295333605154,0.23354801350187182,18.35651287477345,0.16081720204081248,8.269747074570702,62.42944979926248
0.7,0.4,0.03,19.796782064148093,7.268273588089942,0.23500339910664603,0.35937445385411415,0.2565893924716198,19.767140964044124,0.16001789328957375,9.2266270745707,68.44438388436964
0.8,0.2,0.0,29.82515156839374,11.129916563791868,0.22400102664118293,0.32182125473523837,0.2102048169586976,17.839278825429936,0.18223846051198547,4.607352614040401,70.46337107181013
0.8,0.2,0.015,29.742933324572054,11.144694287038693,0.24660388198235908,0.34586665043499043,0.23008327893782565,19.078796311305386,0.18123661788176315,5.085792614040401,76.36564739202436
0.8,0.2,0.03,29.66041579000649,11.159588466942429,0.26926018350411407,0.3697332291277315,0.249776792422304,20.291028224924787,0.180233896215905,5.564232614040401,82.4787694530584
0.8,0.25,0.0,25.828923449493992,9.543249269284734,0.21930828493112806,0.3255083350055457,0.21976652816793693,18.03050064211669,0.17062302661967482,5.509190767550501,69.12647402621509
0.8,0.25,0.015,25.764549265825607,9.554766762925464,0.24152683891621826,0.34976132328069637,0.23986284061847826,19.27786253432042,0.16977469447407864,6.1072407675505005,75.02155766723465
0.8,0.25,0.03,25.699788174651996,9.56639766973985,0.2638485361475229,0.3738745208884757,0.2598013119167817,20.499489338596735,0.16892339123467254,6.705290767550501,81.13590869731067
0.8,0.3,0.0,22.95428130965598,8.420376476789537,0.21504033079259197,0.3273718142428185,0.22633693722049908,18.126988114169837,0.1615728709108644,6.411028921060602,67.96902191051413
0.8,0.3,0.015,22.901714905377982,8.429749473524932,0.23689476083003264,0.3517534731752334,0.24659008150710077,19.379499788674735,0.16083455038839953,7.128688921060602,73.84887462904858
0.8,0.3,0.03,22.848735411626645,8.439229197318069,0.258889816537944,0.37602880581887,0.2667093209662893,20.607706619521764,0.1600921345669035,7.846348921060602,79.95465517245802
0.8,0.35,0.0,20.768954148083374,7.577037177189998,0.21120454549352022,0.3282071200731473,0.2310872129922599,18.170204216771197,0.1542273055716729,7.312867074570701,66.9500138166494
0.8,0.35,0.015,20.72474039804031,7.584900040063303,0.23272120257330134,0.3526677353797007,0.25145618381996676,19.426102036111143,0.1535720358810849,8.1501370745707,72.81053502386315
0.8,0.35,0.03,20.68011300853687,7.5928622725192385,0.2544077696182758,0.3770511454313935,0.27171258683151595,20.65900864097213,0.15291204749377715,8.9874070745707,78.90240975525295
0.8,0.4,0.0,19.041146884132942,6.916514323786515,0.20775576357235714,0.3284244965141265,0.23464744852064431,18.181447086203555,0.1480886479359363,8.214705228080803,66.0409816537262
0.8,0.4,0.015,19.00313155249287,6.923260529608654,0.22896093343866358,0.3529310985589516,0.25510346664113825,19.43952136531804,0.14749848639124516,9.171585228080803,71.88010563819711
0.8,0.4,0.03,18.964713168019912,6.930099043049322,0.2503595201492659,0.37738615294064326,0.27546610076527234,20.675812123990106,0.1469032625305329,10.128465228080803,77.95510180191596
0.9,0.2,0.0,28.70818848321231,10.665794050707593,0.24320280856877582,0.34389276251865414,0.2326898908958653,18.977722773295664,0.16891805064170576,5.0582716907954515,80.34985090166575
0.9,0.2,0.015,28.64248010564588,10.677618560562761,0.2634996156452328,0.3654716703024554,0.2504593022481811,20.075926140996454,0.1681466766111279,5.5367116907954514,86.3216687437941
0.9,0.2,0.03,28.576522334877406,10.689529453426257,0.2838472604061594,0.3869150675720591,0.2680896138362176,21.152204971017987,0.1673741455629819,6.015151690795451,92.48483562214027
0.9,0.25,0.0,24.857149059675876,9.14961369607132,0.23810140974573202,0.34705254901650695,0.24147911044894238,19.13946140197755,0.1580852020350552,6.072839613494315,78.92011952527633
0.9,0.25,0.015,24.805644406149376,9.158838062076867,0.2580752605092333,0.36883051381909293,0.25945583242203146,20.245513281186522,0.15743149234244097,6.670889613494315,84.88738019552426
0.9,0.25,0.03,24.753840587204834,9.168145340142827,0.2781379336264158,0.3905025019486155,0.27731356190210177,21.330769593336218,0.156775348715116,7.2689396134943145,91.05330554995761
0.9,0.3,0.0,22.08784326947676,8.075779596867731,0.23349912370631964,0.34852512558876836,0.24749263899040555,19.21472959620622,0.14965544388748675,7.087407536193176,77.6767227017835
0.9,0.3,0.015,22.045742844927005,8.08329320102325,0.2531657185178315,0.3704310384940666,0.26562126463605473,20.326193493029784,0.14908604646671686,7.805067536193176,83.6313045670335
0.9,0.3,0.03,22.00333168428365,8.09088425658964,0.2729498859166088,0.3922564208749804,0.2836487569381205,21.41791325357841,0.14851354154390065,8.522727536193177,89.79036117534815
0.9,0.35,0.0,19.98310220752946,7.268802937643284,0.22937656978528162,0.34905328634466204,0.2518169612181564,19.2417088467459,0.14281984458690353,8.101975458892039,76.57835670988821
0.9,0.35,0.015,19.947658614845494,7.275111279323043,0.24875720683256128,0.3710419919301266,0.27006013646390964,20.356968638660888,0.14231410886131649,8.939245458892039,82.51601682493188
0.9,0.35,0.03,19.911908201585334,7.281491425895067,0.26827795990386544,0.3929724018911164,0.2882181772259924,21.453457012363366,0.14180490225313527,9.776515458892039,88.66290424476249
0.9,0.4,0.0,18.319320662193753,6.636476551178255,0.2256749618222867,0.349019454792625,0.25503757025454127,19.23998094556014,0.1371115021187278,9.116543381590903,75.59593692122368
0.9,0.4,0.015,18.288820404689886,6.641893188821724,0.24479116913741925,0.3710607399294506,0.27336894418435537,20.35791282513694,0.13665569123589721,10.073423381590903,81.51445469283291
0.9,0.4,0.03,18.258023655134558,6.647376350415094,0.2640656525901561,0.3930633906964426,0.2916296301634615,21.457972769234743,0.13619621817533373,11.030303381590903,87.6461737792826
1.0,0.2,0.0,27.744980483372373,10.270594795562351,0.26002636764443,0.3628659194875887,0.25182134925997635,19.944109090240122,0.15782610712728495,5.509190767550501,90.38653227126822
1.0,0.2,0.015,27.69116055507115,10.280286268616937,0.27847267502962586,0.3824524558385559,0.26789884263385766,20.929476105270123,0.1572150772327428,5.987630767550501,96.42097149374585
1.0,0.2,0.03,27.637137085610608,10.290043152390838,0.2969651535268874,0.4019327432993076,0.2838681188400614,21.896809639794547,0.15660292562769831,6.466070767550501,102.6305805302095
1.0,0.25,0.0,24.01945418004875,8.813851795541574,0.2545829111928084,0.3656100205947205,0.2599977427137785,20.08291868441336,0.14765234389645993,6.636488459438127,88.86904843330335
1.0,0.25,0.015,23.97722570867905,8.821418979564951,0.2727540252131873,0.38538705920195393,0.2762719289478101,21.076017119449133,0.1471341243408481,7.234538459438126,94.9014003872044
1.0,0.25,0.03,23.934763917470235,8.829048339501455,0.2910012793214499,0.4050808265550257,0.2924532577400879,22.051925806154436,0.14661395830821555,7.832588459438126,101.11537596220768
1.0,0.3,0.0,21.341132896513848,7.781480658893742,0.24969860642422767,0.36677686938694765,0.2655711464793252,20.141869082766455,0.13974363226133196,7.763786151325752,87.54414474660726
1.0,0.3,0.015,21.306583596726327,7.7876496007182165,0.267606556421462,0.3866798025032012,0.28199150785341043,21.140479543232193,0.13929191889576403,8.481446151325752,93.56619657576175
1.0,0.3,0.03,21.27179627664244,7.793876341021191,0.2856134155452724,0.4065193542383941,0.2983327308394776,22.122693746326945,0.13883783109635953,9.19910615132575,99.7750190022907
1.0,0.35,0.0,19.30595506873639,7.005311328985093,0.24533326103677663,0.36706663528169703,0.26956042722255685,20.156501464913198,0.1333354699207875,8.891083843213377,86.37035591039927
1.0,0.35,0.015,19.276844958716342,7.010494674446977,0.26299536352620334,0.38705414436118657,0.286092787257321,21.159135576745122,0.13293398657573047,9.728353843213377,92.37772736738043
1.0,0.35,0.03,19.247502024434038,7.015731456823801,0.2807742940503874,0.4069957210006827,0.3025583572517584,22.146112824885908,0.1325299038357895,10.565623843213377,98.57609657761442
1.0,0.4,0.0,17.69741576802786,6.396911439570878,0.2414172524118878,0.366839210938559,0.27251532014138996,20.14501739148463,0.1279872560397979,10.018381535101001,85.31808106211327
1.0,0.4,0.015,17.672347315326075,6.401365201260011,0.25885133733307586,0.38688343973894346,0.28913545621225556,21.15062877245558,0.12762517826416098,10.975261535101001,91.30840651648602
1.0,0.4,0.03,17.647055134951128,6.405868387398217,0.2764167352600032,0.40689721872261736,0.30569999823816923,22.141270907834176,0.12726038809992016,11.932141535101001,97.49327814901443
