req_id,level,category,parent,statement,rationale,source,verification,status,verified_by_model,design_freeze_ref
MR-01,Mission,Availability,,"TSR-1 shall increase the time-averaged availability of serviceable surface assets in its service area relative to an otherwise identical base without TSR-1, by at least [TBD:mr01_avail_gain_pp] percentage points for the reference base of [TBD:ref_assets] assets.",Primary research question; infrastructure availability is the stated purpose (S051 objective).,DIRECTIVE §4; S051; DESIGN-DERIVED(reliability.value_model),A,OPEN (TBD),reliability.value_model,DESIGN_FREEZE_V1 §1 Summary
MR-02,Mission,Crew,,"TSR-1 shall perform all nominal inspection, servicing, emergency-power and recovery functions without crew EVA support.",Reduce EVA demand and crew dependence (S001 gap: reduce reliance on humans; S049 ISS EVA burden).,S001; S049; S051,D,DERIVED/CLOSED,,DESIGN_FREEZE_V1 §1 Summary
MR-03,Mission,Inspection,,"TSR-1 shall inspect assets of classes AC-1 to AC-9 at compatibility levels L0–L3 using visible, thermal-infrared and 3-D imaging, and report anomalies with location and severity.",Inspection is the only function available for L0 assets and precedes every intervention.,S001 (autonomous inspection gap); DIRECTIVE §5,D,DERIVED/CLOSED,,DESIGN_FREEZE_V1 §1 Summary
MR-04,Mission,Servicing,,TSR-1 shall remove and replace robot-compatible ORUs of mass up to [TBD:oru_max_kg] kg on L2 and L3 assets.,ORU-level repair is the established supportability strategy (S049); mass from manipulator and stability analysis.,"S049; ASSUMPTION A-13; DESIGN-DERIVED(manipulation.arm, stability)",T,OPEN (TBD),"manipulation.arm, stability",DESIGN_FREEZE_V1 §1 Summary
MR-05,Mission,Emergency power,,TSR-1 shall deliver temporary electrical power to a disabled asset through an ISPSIS 120 VDC compatible interface at up to [TBD:p_emer_cont_kw] kW continuous for at least [TBD:t_emer_keepalive_h] h at keep-alive load ([TBD:p_keepalive_w] W).,"Prevents thermal death of unpowered assets (A-14) and enables diagnosis; 120 VDC is the international interoperability standard (S011, S012).",S011; S012; ASSUMPTION A-14; DESIGN-DERIVED(power.budget),T,OPEN (TBD),power.budget,DESIGN_FREEZE_V1 §1 Summary
MR-06,Mission,Recovery,,TSR-1 shall recover or reposition immobilized vehicles within the envelope: [TBD:rec_envelope_text].,Immobilization is a demonstrated rover loss mode (S046); envelope from recovery model.,S046; DESIGN-DERIVED(recovery.towing),"A,T",OPEN (TBD),recovery.towing,DESIGN_FREEZE_V1 §1 Summary
MR-07,Mission,Dust,,"TSR-1 shall remove regolith dust from asset solar-array, radiator and optical surfaces such that the residual area coverage is ≤ [TBD:dust_residual_pct] %.",Sub-monolayer dust degrades thermal surfaces (S062); Apollo dust effects (S022).,S022; S062; DESIGN-DERIVED(dust trade),T,OPEN (TBD),dust trade,DESIGN_FREEZE_V1 §1 Summary
MR-08,Mission,Autonomy,,TSR-1 shall execute service tasks under task-level human supervision only (no continuous teleoperation) and shall safely continue to the next hold point or abort predefined tasks during Earth-link outages up to 72 h and local-network outages up to 24 h.,DTE availability ≈ 51 % at the pole (S073); communication delay (S001).,S001; S073; ASSUMPTION A-19; DIRECTIVE §22,D,DERIVED/CLOSED,,DESIGN_FREEZE_V1 §1 Summary
MR-09,Mission,Lifetime,,TSR-1 shall have an operational design life of 10 years on the lunar surface.,"Matches infrastructure-element life class (LTV 10-yr requirement precedent, S036).",S036 (precedent); DESIGN-DERIVED,A,DERIVED/CLOSED,,DESIGN_FREEZE_V1 §1 Summary
MR-10,Mission,Environment,,"TSR-1 shall operate in the south-polar environment (sunlit ridges, shadowed terrain) including PSR excursions of up to [TBD:psr_excursion_h] h, and shall survive [TBD:survival_h] h without external power or sunlight.",Longest darkness at best sites 3–5 days (S030); PSR < 40 K (S032); lunar-night survival is the #1 NASA shortfall (S010).,"S010; S030; S032; DESIGN-DERIVED(thermal, power)","A,T",OPEN (TBD),"thermal, power",DESIGN_FREEZE_V1 §1 Summary
MR-11,Mission,Delivery,,"TSR-1 shall be deliverable as a single payload on a commercial lander with ≤ 3.0 t surface payload capacity (threshold) and ≤ 1.5 t (goal), including accommodation hardware.",Blue Moon Mk1 3.0 t (S056); Argonaut 1.5 t (S047).,S047; S056,"A,I",DERIVED/CLOSED,,DESIGN_FREEZE_V1 §1 Summary
MR-12,Mission,Interoperability,,"TSR-1 shall use open interface standards: ISPSIS for power, LunaNet/CCSDS for communications and PNT, and ISO 9409-1/IERIIS-derived mechanical tool interfaces with adapters; it shall not require proprietary-only interfaces on serviced assets.","Interoperability gap (S001); international standards (S011, S013, S017); NASA surface robotic interface best practices (S002).",S001; S002; S011; S013; S017,I,DERIVED/CLOSED,,DESIGN_FREEZE_V1 §1 Summary
MR-13,Mission,Maintainability,,TSR-1's life-limited and failure-prone items shall be replaceable at ORU level by another TSR-class vehicle or by crew without special tools.,A servicing robot must itself be serviceable (DIRECTIVE §23); ISS ORU strategy (S049).,DIRECTIVE §23; S049,D,DERIVED/CLOSED,,DESIGN_FREEZE_V1 §1 Summary
MR-14,Mission,Safety,,TSR-1 shall not create a catastrophic hazard to crew or to other assets; all motion shall be bounded by a deterministic safety layer independent of high-level autonomy.,Crew coexistence; AI verification limits (DIRECTIVE §20–21).,DIRECTIVE §20–21,"A,T",DERIVED/CLOSED,,DESIGN_FREEZE_V1 §1 Summary
MR-15,Mission,Service area,,TSR-1 shall serve assets within a service radius of [TBD:service_radius_km] km of its home charging node and reach any such asset within [TBD:response_time_h] h of task approval.,Comm-tower cell ≈ 10 km (S054); response time from availability model.,"S054; ASSUMPTION A-20; DESIGN-DERIVED(reliability.value_model, mobility)","A,D",OPEN (TBD),"reliability.value_model, mobility",DESIGN_FREEZE_V1 §1 Summary
SR-MOB-01,System,Mobility,MR-10,Mean static ground contact pressure shall not exceed 7 kPa at maximum operational mass on level ground (computed: [TBD:contact_pressure_kpa] kPa).,Lunar Sourcebook: satisfactory mobility if contact pressure ≤ 7–10 kPa (S023).,S023,"A,T",OPEN (TBD),,DESIGN_FREEZE_V1 §3 Mobility
SR-MOB-02,System,Mobility,MR-15,"TSR-1 shall climb and descend [TBD:slope_climb_deg]° slopes at maximum operational mass with wheel slip ≤ 40 % under nominal soil, and shall hold position (brakes) on [TBD:slope_hold_deg]°.",Route slopes A-04; traction limit from terramechanics model.,ASSUMPTION A-04; DESIGN-DERIVED(mobility.vehicle),"A,T",OPEN (TBD),mobility.vehicle,DESIGN_FREEZE_V1 §3 Mobility
SR-MOB-03,System,Mobility,MR-15,TSR-1 shall negotiate step obstacles of [TBD:obstacle_m] m and ditches of [TBD:ditch_m] m width.,LRV heritage 0.30 m obstacles (S027); suspension geometry.,S027; DESIGN-DERIVED(mobility trade),T,OPEN (TBD),mobility trade,DESIGN_FREEZE_V1 §3 Mobility
SR-MOB-04,System,Mobility,MR-15,Autonomous average traverse speed shall be ≥ [TBD:v_avg_ms] m/s on ≤ 10° terrain; maximum speed [TBD:v_max_ms] m/s.,Response time MR-15; hazard-detection range (S064 10 cm at 15 m).,"S064; DESIGN-DERIVED(mobility, autonomy)",T,OPEN (TBD),"mobility, autonomy",DESIGN_FREEZE_V1 §3 Mobility
SR-MOB-05,System,Mobility,MR-15,Range on one charge shall be ≥ [TBD:range_km] km on nominal terrain at maximum operational mass while retaining the survival energy reserve.,Round trip 2·R_s plus work energy and reserve.,DESIGN-DERIVED(power.budget),"A,T",OPEN (TBD),power.budget,DESIGN_FREEZE_V1 §3 Mobility
SR-MOB-06,System,Mobility,MR-13,Loss of any single wheel drive shall not prevent mobility on slopes ≤ [TBD:slope_one_wheel_out_deg]°.,Spirit was lost after one wheel failure (S046); redundancy.,S046; DESIGN-DERIVED(mobility.vehicle),"A,T",OPEN (TBD),mobility.vehicle,DESIGN_FREEZE_V1 §3 Mobility
SR-MAN-01,System,Manipulation,MR-04,The dexterous arm shall handle [TBD:dex_payload_kg] kg at [TBD:dex_reach_m] m reach in lunar gravity with end-effector positioning accuracy ≤ [TBD:dex_accuracy_mm] mm (visual-servo closed loop) and 6-axis force/torque sensing.,Connector/fastener work on L2/L3 ORUs; ISS OTCM practice (S067).,S067; DESIGN-DERIVED(manipulation.arm),T,OPEN (TBD),manipulation.arm,DESIGN_FREEZE_V1 §5 Manipulation
SR-MAN-02,System,Manipulation,MR-04,The heavy-handling system shall lift and place [TBD:heavy_payload_kg] kg at [TBD:heavy_reach_m] m horizontal reach in lunar gravity within the stability envelope.,Heavy ORUs and recovery support (A-13).,"ASSUMPTION A-13; DESIGN-DERIVED(manipulation.arm, stability)",T,OPEN (TBD),"manipulation.arm, stability",DESIGN_FREEZE_V1 §5 Manipulation
SR-MAN-03,System,Manipulation,MR-04,Tools shall be exchanged autonomously via a tool changer; tool change time ≤ [TBD:tool_change_min] min.,Tool variety (DIRECTIVE §13).,DESIGN-DERIVED(tools),D,OPEN (TBD),tools,DESIGN_FREEZE_V1 §5 Manipulation
SR-SRV-01,System,Servicing,MR-04,"The service spine shall carry ≥ [TBD:spine_payload_kg] kg of ORUs, tools and modules in ≥ [TBD:spine_slots] standard slots.",Carry spares for DRM-2/DRM-5 in one sortie.,DESIGN-DERIVED(service-module trade),"I,T",OPEN (TBD),service-module trade,DESIGN_FREEZE_V1 §6 Service spine
SR-SRV-02,System,Servicing,MR-04,The fastener tool shall deliver up to [TBD:fastener_torque_nm] N·m with reaction taken through the arm/fixture and torque measurement accuracy ±5 %.,Captive robotic fasteners (S067 OTCM socket drive heritage).,S067; DESIGN-DERIVED,T,OPEN (TBD),,DESIGN_FREEZE_V1 §6 Service spine
SR-PWR-01,System,Power,MR-12,The primary power bus shall be 120 VDC with power quality and grounding compatible with ISPSIS; 28 VDC secondary bus for avionics.,International interoperability standard (S011).,S011,"I,T",DERIVED/CLOSED,,DESIGN_FREEZE_V1 §8 Power
SR-PWR-02,System,Power,MR-05,"A bidirectional, galvanically isolated power-transfer port shall accept ≥ [TBD:p_charge_kw] kW for charging and deliver ≥ [TBD:p_emer_cont_kw] kW continuous / [TBD:p_emer_peak_kw] kW peak (60 s) at 120 VDC through a tether ≤ [TBD:tether_m] m.",120 VDC exchange limited to < 100 m (S012); emergency power analysis.,S012; DESIGN-DERIVED(power.budget),T,OPEN (TBD),power.budget,DESIGN_FREEZE_V1 §8 Power
SR-PWR-03,System,Power,MR-10,"Battery usable energy shall be ≥ [TBD:battery_usable_kwh] kWh at end of life, sufficient for the design-reference sortie plus [TBD:survival_h] h survival reserve.",Energy closure (DIRECTIVE §44).,DESIGN-DERIVED(power.budget),"A,T",OPEN (TBD),power.budget,DESIGN_FREEZE_V1 §8 Power
SR-THM-01,System,Thermal,MR-10,Battery temperature shall be held within 0 to +30 °C while charging and −20 to +40 °C while discharging.,Li-ion limits (S071).,S071,"A,T",DERIVED/CLOSED,,DESIGN_FREEZE_V1 §9 Thermal
SR-THM-02,System,Thermal,MR-10,The thermal system shall reject [TBD:q_reject_max_w] W peak internal dissipation in the hot case and limit survival heater demand to ≤ [TBD:p_survival_w] W in the cold case.,Thermal closure; survival energy.,DESIGN-DERIVED(thermal.lumped),"A,T",OPEN (TBD),thermal.lumped,DESIGN_FREEZE_V1 §9 Thermal
SR-AUT-01,System,Autonomy,MR-14,Autonomy shall be layered (mission planner → task planner → verified skills → motion planning → real-time control); no learned or generative component shall command actuator torques or currents directly.,Verification boundary (DIRECTIVE §20–21).,DIRECTIVE §20–21,"I,A",DERIVED/CLOSED,,DESIGN_FREEZE_V1 §11 Autonomy
SR-AUT-02,System,Autonomy,MR-08,"Every irreversible step (power connection, release of load-bearing fasteners, winch tension above [TBD:winch_hold_kN] kN, cutting) shall be preceded by a hold point requiring human approval or a pre-authorised rule.",Safety and supervisability.,DESIGN-DERIVED(autonomy trade),D,OPEN (TBD),autonomy trade,DESIGN_FREEZE_V1 §11 Autonomy
SR-AVI-01,System,Avionics,MR-14,Avionics shall separate a high-performance autonomy computer from a dual-redundant deterministic safety/real-time computer; parts shall tolerate ≥ 20 krad(Si) TID and be SEL-immune or protected.,A-24 radiation; directive §20.,S039; ASSUMPTION A-24,"A,T",DERIVED/CLOSED,,DESIGN_FREEZE_V1 §10 Avionics
SR-COM-01,System,Communications,MR-12,"TSR-1 shall communicate via (a) the base surface network, (b) a LunaNet-compliant relay link and (c) a peer mesh link, using DTN store-and-forward for non-real-time data.","S017, S054, S073, L020.",S017; S054; S073; L020,T,DERIVED/CLOSED,,DESIGN_FREEZE_V1 §12 Comms/Nav
SR-NAV-01,System,Navigation,MR-15,TSR-1 shall localise to ≤ [TBD:loc_global_m] m in the base frame and determine relative pose to a servicing interface to ≤ [TBD:loc_rel_mm] mm / [TBD:loc_rel_deg]° before contact.,Docking/tool alignment tolerances.,DESIGN-DERIVED(sensor suite),T,OPEN (TBD),sensor suite,DESIGN_FREEZE_V1 §12 Comms/Nav
SR-DST-01,System,Dust,MR-09,All external mechanisms shall use labyrinth + seal protection; optics and radiators shall have dust removal (EDS) or covers; wheels shall have fenders limiting ejecta onto the vehicle; connectors shall have self-closing dust covers.,"Apollo dust lessons (S022/S074); EDS (S019, S063); DTC (S042).",S019; S022; S042; S063,"I,T",DERIVED/CLOSED,,DESIGN_FREEZE_V1 §13 Dust
SR-STR-01,System,Structure,MR-11,Primary structure shall withstand launch/landing quasi-static loads of 6 g axial + 3 g lateral with factors of safety 1.25 (yield) and 1.4 (ultimate).,"A-05, A-22.",ASSUMPTION A-05; S053 (A-22),"A,T",DERIVED/CLOSED,,DESIGN_FREEZE_V1 §14 Structure
SR-STR-02,System,Structure,MR-06,Recovery hard points and the winch load path shall withstand [TBD:winch_line_pull_kN] kN line pull at any angle within the recovery cone with FoS 1.4 (ultimate).,Recovery loads.,DESIGN-DERIVED(recovery.towing),"A,T",OPEN (TBD),recovery.towing,DESIGN_FREEZE_V1 §14 Structure
SR-REC-01,System,Recovery,MR-06,"The winch shall provide [TBD:winch_line_pull_kN] kN line pull, [TBD:winch_line_m] m usable line, with continuous tension measurement and automatic limiting.",Recovery scenarios A–D.,DESIGN-DERIVED(recovery.towing),T,OPEN (TBD),recovery.towing,DESIGN_FREEZE_V1 §7 Recovery
SR-REC-02,System,Recovery,MR-06,The ground-reaction system shall resist ≥ [TBD:anchor_capacity_kN] kN horizontal load (P50 soil) and ≥ [TBD:anchor_capacity_p10_kN] kN (P10 soil).,Traction-limited towing in lunar gravity.,DESIGN-DERIVED(recovery.towing),"A,T",OPEN (TBD),recovery.towing,DESIGN_FREEZE_V1 §7 Recovery
SR-REL-01,System,Reliability,MR-09,"No single failure other than primary-structure failure shall cause loss of mobility on terrain ≤ [TBD:slope_one_wheel_out_deg]°, or loss of the ability to communicate and safe the vehicle.",FMEA single-point-failure policy (DIRECTIVE §24).,DIRECTIVE §24,A,OPEN (TBD),,DESIGN_FREEZE_V1 §16 Reliability
SR-REL-02,System,Reliability,MR-09,Probability that TSR-1 retains at least degraded-mode servicing capability after 10 years shall be ≥ [TBD:p_mission_10yr] (with peer/crew ORU replacement).,Life (MR-09).,DESIGN-DERIVED(reliability.tsr_reliability),A,OPEN (TBD),reliability.tsr_reliability,DESIGN_FREEZE_V1 §16 Reliability
SR-MNT-01,System,Maintainability,MR-13,"Wheel drive units, battery modules, avionics modules, cameras, tools, power electronics and arms (at the arm base) shall be ORUs with grapple handles, captive fasteners and blind-mate connectors.",Self-serviceability (DIRECTIVE §23).,DIRECTIVE §23; S049,"I,D",DERIVED/CLOSED,,DESIGN_FREEZE_V1 §16 Reliability
SR-MNT-02,System,Maintainability,MR-13,"TSR-1 shall carry ≥ 2 grapple fixtures, fiducial markers on each ORU and a service port for peer diagnostics.",TSR-to-TSR servicing (DIRECTIVE §23).,DIRECTIVE §23,I,DERIVED/CLOSED,,DESIGN_FREEZE_V1 §16 Reliability
SR-INT-01,System,Interfaces,MR-12,"The arm tool interface shall follow an ISO 9409-1 bolt pattern and carry adapters for OTCM-type grapple/socket interfaces, HOTDOCK-type androgynous interfaces and payload-deck-type interfaces.","S013, S048, S067, S037.",S013; S037; S048; S067,"I,T",DERIVED/CLOSED,,DESIGN_FREEZE_V1 §6 Service spine
SR-SAF-01,System,Safety,MR-14,"Within 10 m of crew, vehicle speed shall be limited to [TBD:v_crew_ms] m/s and manipulator end-effector force to [TBD:f_crew_n] N by the deterministic safety layer.",Crew coexistence.,DESIGN-DERIVED(safety),T,OPEN (TBD),safety,DESIGN_FREEZE_V1 §11 Autonomy
SR-SNS-01,System,Sensors,MR-03,"The sensor suite shall comprise at minimum: mast stereo navigation cameras with illumination, hazard cameras, LiDAR, macro inspection camera, thermal-IR imager, wrist F/T sensors, IMU, wheel and joint encoders, and electrical diagnostic instrumentation; no airborne acoustic sensors.",Inspection and navigation needs; vacuum (no acoustic propagation).,S064; S065; DIRECTIVE §14,I,DERIVED/CLOSED,,DESIGN_FREEZE_V1 §10 Avionics
