component,subsystem,peak_W,M1_dormant,M2_comm_standby,M3_driving,M4_inspection,M5_manipulation,M6_heavy_manip,M7_recovery_winch,M8_emergency_power,M9_charging,M10_survival,M11_safe
drive_actuator_1,mobility,243.4,0.0,0.0,36.3,0.0,0.0,0.0,0.0,0.0,0.0,0.0,0.0
drive_actuator_2,mobility,243.4,0.0,0.0,36.3,0.0,0.0,0.0,0.0,0.0,0.0,0.0,0.0
drive_actuator_3,mobility,243.4,0.0,0.0,36.3,0.0,0.0,0.0,0.0,0.0,0.0,0.0,0.0
drive_actuator_4,mobility,243.4,0.0,0.0,36.3,0.0,0.0,0.0,0.0,0.0,0.0,0.0,0.0
drive_actuator_5,mobility,243.4,0.0,0.0,36.3,0.0,0.0,0.0,0.0,0.0,0.0,0.0,0.0
drive_actuator_6,mobility,243.4,0.0,0.0,36.3,0.0,0.0,0.0,0.0,0.0,0.0,0.0,0.0
steer_actuator_1,mobility,26.5,0.0,0.0,3.0,0.0,0.0,0.0,0.0,0.0,0.0,0.0,0.0
steer_actuator_2,mobility,26.5,0.0,0.0,3.0,0.0,0.0,0.0,0.0,0.0,0.0,0.0,0.0
steer_actuator_3,mobility,26.5,0.0,0.0,3.0,0.0,0.0,0.0,0.0,0.0,0.0,0.0,0.0
steer_actuator_4,mobility,26.5,0.0,0.0,3.0,0.0,0.0,0.0,0.0,0.0,0.0,0.0,0.0
steer_actuator_5,mobility,26.5,0.0,0.0,3.0,0.0,0.0,0.0,0.0,0.0,0.0,0.0,0.0
steer_actuator_6,mobility,26.5,0.0,0.0,3.0,0.0,0.0,0.0,0.0,0.0,0.0,0.0,0.0
differential_lock,mobility,20,0.0,0.0,0.0,0.0,0.0,0.0,0.0,0.0,0.0,0.0,0.0
body_lowering_actuator_L,mobility,60,0.0,0.0,0.0,0.0,0.0,0.0,0.0,0.0,0.0,0.0,0.0
body_lowering_actuator_R,mobility,60,0.0,0.0,0.0,0.0,0.0,0.0,0.0,0.0,0.0,0.0,0.0
dexterous_arm,manipulation,78.9,0.0,0.0,0.0,8.0,26.7,39.6,0.0,0.0,0.0,0.0,0.0
dexterous_arm_2,manipulation,78.9,0.0,0.0,0.0,8.0,26.7,39.6,0.0,0.0,0.0,0.0,0.0
crane_boom,manipulation,113.0,0.0,0.0,0.0,8.0,34.9,53.2,0.0,0.0,0.0,0.0,0.0
tool_parallel_gripper,tools,8,0.0,0.0,0.0,0.0,2.4,0.0,0.0,0.0,0.0,0.0,0.0
tool_socket_driver,tools,40,0.0,0.0,0.0,0.0,12.0,0.0,0.0,0.0,0.0,0.0,0.0
tool_electrical_probe,tools,5,0.0,0.0,0.0,0.0,1.5,0.0,0.0,0.0,0.0,0.0,0.0
tool_connector_mate,tools,10,0.0,0.0,0.0,0.0,3.0,0.0,0.0,0.0,0.0,0.0,0.0
tool_dust_brush,tools,15,0.0,0.0,0.0,0.0,4.5,0.0,0.0,0.0,0.0,0.0,0.0
tool_eds_wand,tools,10,0.0,0.0,0.0,0.0,3.0,0.0,0.0,0.0,0.0,0.0,0.0
tool_anchor_driver,tools,120,0.0,0.0,0.0,0.0,36.0,0.0,0.0,0.0,0.0,0.0,0.0
tool_oru_adapter_otcm,tools,10,0.0,0.0,0.0,0.0,3.0,0.0,0.0,0.0,0.0,0.0,0.0
tool_oru_adapter_androgynous,tools,10,0.0,0.0,0.0,0.0,3.0,0.0,0.0,0.0,0.0,0.0,0.0
tool_lifting_fixture_slings,tools,0,0.0,0.0,0.0,0.0,0.0,0.0,0.0,0.0,0.0,0.0,0.0
tool_recovery_shackle_hitch,tools,0,0.0,0.0,0.0,0.0,0.0,0.0,0.0,0.0,0.0,0.0,0.0
tool_regolith_scoop,tools,30,0.0,0.0,0.0,0.0,9.0,0.0,0.0,0.0,0.0,0.0,0.0
tool_rack_holsters,tools,5,0.0,0.0,0.0,0.0,1.5,0.0,0.0,0.0,0.0,0.0,0.0
service_spine,service_spine,30,1.0,0.0,0.0,0.0,5.0,0.0,0.0,0.0,0.0,0.0,0.0
recovery_winch,recovery,400.0,0.5,0.0,0.0,0.0,0.0,0.0,184.6,0.0,0.0,0.0,0.0
spade_1,recovery,60,0.0,0.0,0.0,0.0,0.0,0.0,0.0,0.0,0.0,0.0,0.0
spade_2,recovery,60,0.0,0.0,0.0,0.0,0.0,0.0,0.0,0.0,0.0,0.0,0.0
battery_pack,power,0.0,0.0,0.0,0.0,0.0,0.0,0.0,0.0,0.0,0.0,0.0,0.0
pcdu_bus_regulator,power,0,6.0,6.0,6.0,6.0,6.0,6.0,6.0,6.0,6.0,6.0,6.0
power_transfer_module,power,0,0.0,0.0,0.0,0.0,0.0,0.0,0.0,0.0,0.0,0.0,0.0
power_tether_and_reel,power,40,0.0,0.0,0.0,0.0,0.0,0.0,0.0,3.0,0.0,0.0,0.0
solar_array_regulator,power,0.0,0.0,0.0,0.0,0.0,0.0,0.0,0.0,0.0,2.0,0.0,0.0
autonomy_computer_hpsc,avionics,60,0,0,45,45,45,45,40,25,15,0,10
safety_rt_computer_A,avionics,12,10.0,10.0,10.0,10.0,10.0,10.0,10.0,10.0,10.0,10.0,10.0
safety_rt_computer_B,avionics,12,0.0,10.0,10.0,10.0,10.0,10.0,10.0,10.0,10.0,0.0,10.0
motor_control_units,avionics,120,0.0,0.0,40,10,30,40,25,5,5,0.0,5
mass_memory_and_timing,avionics,8,5.0,5.0,5.0,5.0,5.0,5.0,5.0,5.0,5.0,0.0,5.0
navcam_stereo_pair,sensors,8,0.0,0.0,6,6,6,6,6,6,0.0,0.0,0.0
mast_pan_tilt,sensors,25,0.0,0.0,5,8,0.0,0.0,0.0,0.0,0.0,0.0,0.0
led_illuminators,sensors,45,0.0,0.0,20,20,20,20,20,0.0,0.0,0.0,0.0
hazcams_x6,sensors,10,0.0,0.0,9,0.0,0.0,0.0,6,0.0,0.0,0.0,0.0
lidar_front,sensors,35,0.0,0.0,25,25,10,0.0,0.0,0.0,0.0,0.0,0.0
lidar_rear,sensors,35,0.0,0.0,25,0.0,0.0,0.0,25,0.0,0.0,0.0,0.0
thermal_ir_imager,sensors,6,0.0,0.0,0.0,4,4,0.0,0.0,0.0,0.0,0.0,0.0
macro_inspection_camera,sensors,5,0.0,0.0,0.0,3,3,0.0,0.0,0.0,0.0,0.0,0.0
imu_ln200s,sensors,16,0.0,0.0,12,12,12,12,12,0.0,0.0,0.0,12
sun_sensor_star_tracker,sensors,3,0.0,0.0,2,0.0,0.0,0.0,0.0,0.0,0.0,0.0,2
electrical_diagnostic_unit,sensors,10,0.0,0.0,0.0,0.0,5,0.0,0.0,5,0.0,0.0,0.0
contact_vibration_sensors,sensors,2,0.0,0.0,0.0,1,1,0.0,0.0,0.0,0.0,0.0,0.0
surface_network_radio,communications,25,0.0,4,12,15,15,12,12,12,8,0.0,8
lunanet_relay_transceiver,communications,55,0.0,6,0.0,30,30,0.0,0.0,20,10,0.0,30
relay_antenna_gimballed,communications,15,0.0,0.0,0.0,4,4,0.0,0.0,0.0,0.0,0.0,4
mesh_uhf_radio,communications,6,0.0,3.0,3.0,3.0,3.0,3.0,3.0,3.0,3.0,3.0,3.0
heaters_thermostats,thermal,0.0,37.7,31.4,0.0,0.0,0.0,0.0,0.0,0.0,0.0,62.8,31.4
optics_eds_and_covers,dust,5,0.0,0.0,0.5,0.5,0.0,0.0,0.0,0.0,0.0,0.0,0.0
TOTAL (bus load),,3401.6,60.2,75.4,471.3,241.5,391.3,301.3,364.6,110.0,74.0,81.8,136.4
WEB dissipation (incl. conversion losses),,,25.8,50.0,180.7,165.3,202.3,167.1,152.2,349.8,79.9,25.5,109.9
